method,scenario,driver_msg,operator_msg,mentions_action,mentions_price,mentions_soc,mentions_grid,mentions_battery,has_quantification,length_words,has_justification,driver_appropriate,operator_appropriate,stakeholder_diff,latency_ms
Raw Logs,S1,"Action: CHARGE, Power: 7.0kW, SoC: 45%→59%",[S1] CHARGE P=7.0kW Price=$0.25 Grid=0.35,1.0,0.0,1.0,0.0,0.0,1.0,6,0.0,1.0,1.0,1.0,0.001248910000140313
Raw Logs,S2,"Action: DISCHARGE, Power: 7.0kW, SoC: 85%→71%",[S2] DISCHARGE P=7.0kW Price=$0.52 Grid=0.88,1.0,0.0,1.0,0.0,0.0,1.0,6,0.0,1.0,1.0,1.0,0.001248910000140313
Raw Logs,S3,"Action: CHARGE, Power: 7.0kW, SoC: 30%→88%",[S3] CHARGE P=7.0kW Price=$0.12 Grid=0.20,1.0,0.0,1.0,0.0,0.0,1.0,6,0.0,1.0,1.0,1.0,0.001248910000140313
Raw Logs,S4,"Action: PAUSE, Power: 0.0kW, SoC: 60%→60%",[S4] PAUSE P=0.0kW Price=$0.48 Grid=0.42,1.0,0.0,1.0,0.0,0.0,1.0,6,0.0,1.0,1.0,1.0,0.001248910000140313
Raw Logs,S5,"Action: CHARGE, Power: 7.0kW, SoC: 40%→68%",[S5] CHARGE P=7.0kW Price=$0.38 Grid=0.65,1.0,0.0,1.0,0.0,0.0,1.0,6,0.0,1.0,1.0,1.0,0.001248910000140313
Static Templates,S1,Charging at 7.0kW to reach target charge level.,[S1] CHARGE Mode=BALANCED,1.0,0.0,1.0,0.0,0.0,1.0,8,1.0,1.0,1.0,1.0,0.0005745499991462567
Static Templates,S2,Supporting the grid by discharging at 7.0kW.,[S2] DISCHARGE Mode=GRID_SUPPORT,0.0,0.0,0.0,1.0,0.0,1.0,7,0.0,1.0,1.0,1.0,0.0005745499991462567
Static Templates,S3,Charging at 7.0kW to reach target charge level.,[S3] CHARGE Mode=FULL_CHARGE,1.0,0.0,1.0,0.0,0.0,1.0,8,1.0,1.0,1.0,1.0,0.0005745499991462567
Static Templates,S4,Charging paused to optimize costs.,[S4] PAUSE Mode=MAX_SAVINGS,1.0,1.0,0.0,0.0,0.0,0.0,5,1.0,1.0,1.0,1.0,0.0005745499991462567
Static Templates,S5,Charging at 7.0kW to reach target charge level.,[S5] CHARGE Mode=BALANCED,1.0,0.0,1.0,0.0,0.0,1.0,8,1.0,1.0,1.0,1.0,0.0005745499991462567
Verbose Dump,S1,"Action: CHARGE (7.0kW). Price: $0.25/kWh, Grid stress: 0.35, Temperature: 22.0°C, SoC: 45%→59%, Mode: BALANCED","Action: CHARGE (7.0kW). Price: $0.25/kWh, Grid stress: 0.35, Temperature: 22.0°C, SoC: 45%→59%, Mode: BALANCED",1.0,1.0,1.0,1.0,0.0,1.0,14,0.0,1.0,0.0,0.0,0.001300019999325741
Verbose Dump,S2,"Action: DISCHARGE (7.0kW). Price: $0.52/kWh, Grid stress: 0.88, Temperature: 28.0°C, SoC: 85%→71%, Mode: GRID_SUPPORT","Action: DISCHARGE (7.0kW). Price: $0.52/kWh, Grid stress: 0.88, Temperature: 28.0°C, SoC: 85%→71%, Mode: GRID_SUPPORT",1.0,1.0,1.0,1.0,0.0,1.0,14,0.0,1.0,0.0,0.0,0.001300019999325741
Verbose Dump,S3,"Action: CHARGE (7.0kW). Price: $0.12/kWh, Grid stress: 0.20, Temperature: 15.0°C, SoC: 30%→88%, Mode: FULL_CHARGE","Action: CHARGE (7.0kW). Price: $0.12/kWh, Grid stress: 0.20, Temperature: 15.0°C, SoC: 30%→88%, Mode: FULL_CHARGE",1.0,1.0,1.0,1.0,0.0,1.0,14,0.0,1.0,0.0,0.0,0.001300019999325741
Verbose Dump,S4,"Action: PAUSE (0.0kW). Price: $0.48/kWh, Grid stress: 0.42, Temperature: 24.0°C, SoC: 60%→60%, Mode: MAX_SAVINGS","Action: PAUSE (0.0kW). Price: $0.48/kWh, Grid stress: 0.42, Temperature: 24.0°C, SoC: 60%→60%, Mode: MAX_SAVINGS",1.0,1.0,1.0,1.0,0.0,1.0,14,0.0,1.0,0.0,0.0,0.001300019999325741
Verbose Dump,S5,"Action: CHARGE (7.0kW). Price: $0.38/kWh, Grid stress: 0.65, Temperature: 26.0°C, SoC: 40%→68%, Mode: BALANCED","Action: CHARGE (7.0kW). Price: $0.38/kWh, Grid stress: 0.65, Temperature: 26.0°C, SoC: 40%→68%, Mode: BALANCED",1.0,1.0,1.0,1.0,0.0,1.0,14,0.0,1.0,0.0,0.0,0.001300019999325741
Single Factor,S1,Charge due to user priority.,[S1] CHARGE Factor=user priority,1.0,0.0,0.0,0.0,0.0,0.0,5,1.0,1.0,1.0,1.0,0.0008908300005714409
Single Factor,S2,Discharge due to grid support.,[S2] DISCHARGE Factor=grid support,1.0,0.0,0.0,1.0,0.0,0.0,5,1.0,1.0,1.0,1.0,0.0008908300005714409
Single Factor,S3,Charge due to user priority.,[S3] CHARGE Factor=user priority,1.0,0.0,0.0,0.0,0.0,0.0,5,1.0,1.0,1.0,1.0,0.0008908300005714409
Single Factor,S4,Pause due to price.,[S4] PAUSE Factor=price,1.0,1.0,0.0,0.0,0.0,0.0,4,1.0,1.0,1.0,1.0,0.0008908300005714409
Single Factor,S5,Charge due to user priority.,[S5] CHARGE Factor=user priority,1.0,0.0,0.0,0.0,0.0,0.0,5,1.0,1.0,1.0,1.0,0.0008908300005714409
X-VESTA,S1,Charge at 7kW to reach target charge (59%).,"[S1] CHARGE P=7.0kW | ATTR: econ=0.35, auto=0.50, grid=0.12, batt=0.03",1.0,0.0,1.0,0.0,0.0,1.0,8,1.0,1.0,1.0,1.0,0.0015417600006912835
X-VESTA,S2,Discharge at 7kW to support grid during peak demand.,"[S2] DISCHARGE P=7.0kW | ATTR: econ=0.30, auto=0.15, grid=0.52, batt=0.03",1.0,0.0,0.0,1.0,0.0,1.0,9,1.0,1.0,1.0,1.0,0.0015417600006912835
X-VESTA,S3,Charge at 7kW to reach target charge (88%).,"[S3] CHARGE P=7.0kW | ATTR: econ=0.18, auto=0.72, grid=0.08, batt=0.02",1.0,0.0,1.0,0.0,0.0,1.0,8,1.0,1.0,1.0,1.0,0.0015417600006912835
X-VESTA,S4,Charging paused due to high prices ($0.48/kWh).,"[S4] PAUSE P=0.0kW | ATTR: econ=0.85, auto=0.08, grid=0.05, batt=0.02",1.0,1.0,0.0,0.0,0.0,1.0,7,1.0,1.0,1.0,1.0,0.0015417600006912835
X-VESTA,S5,Charge at 7kW to reach target charge (68%).,"[S5] CHARGE P=7.0kW | ATTR: econ=0.15, auto=0.75, grid=0.08, batt=0.02",1.0,0.0,1.0,0.0,0.0,1.0,8,1.0,1.0,1.0,1.0,0.0015417600006912835
